CRE 0,CSA AI Controls Matrix|name,CSA AI Controls Matrix|id,CSA AI Controls Matrix|description,CSA AI Controls Matrix|hyperlink
004-517|Security requirements,Application Security Baseline Requirements,AIS-02,"Establish, document and maintain baseline requirements for securing applications.""",https://cloudsecurityalliance.org/artifacts/ai-controls-matrix
004-517|Security requirements,Primary Service and Contractual Agreement,STA-10,"Service agreements must incorporate at least the following mutually-agreed upon provisions and/or terms: • Scope, characteristics and location of business relationship and services offered • Information security requirements (including SSRM) • Change management process • Logging and monitoring capability • Incident management and communication procedures • Right to audit and third party assessment • Service termination • Interoperability and portability requirements • Data privacy",https://cloudsecurityalliance.org/artifacts/ai-controls-matrix
007-274|Patching and updating system components,Operating Systems,UEM-07,"Manage changes to endpoint operating systems, patch levels, and/or applications through the company's change management processes.",https://cloudsecurityalliance.org/artifacts/ai-controls-matrix
010-308|Input validation,Input Validation,AIS-08,"Validate, filter, modify or block, as necessary, input against adversarial patterns, failure patterns and unwanted behaviour according to organisational policies and applicable laws and regulations.",https://cloudsecurityalliance.org/artifacts/ai-controls-matrix
010-678|Improvement management,Remediation,A&A-06,"Establish, document, approve, communicate, apply, evaluate and maintain a risk-based corrective action plan to remediate audit findings, regularly review and report remediation status to relevant stakeholders.",https://cloudsecurityalliance.org/artifacts/ai-controls-matrix
013-021|Roles and responsibilities,CEK Roles and Responsibilities,CEK-02,"Define and implement cryptographic, encryption and key management roles and responsibilities.",https://cloudsecurityalliance.org/artifacts/ai-controls-matrix
013-021|Roles and responsibilities,Governance Responsibility Model,GRC-06,"Define and document roles and responsibilities for planning, implementing, operating, assessing, and improving governance programs.",https://cloudsecurityalliance.org/artifacts/ai-controls-matrix
013-021|Roles and responsibilities,Personnel Roles and Responsibilities,HRS-09,"Document and communicate roles and responsibilities of employees, as they relate to information assets and security.",https://cloudsecurityalliance.org/artifacts/ai-controls-matrix
013-021|Roles and responsibilities,Compliance User Responsibility,HRS-13,"Make employees aware of their roles and responsibilities for maintaining awareness and compliance with established policies and procedures and applicable legal, statutory, or regulatory compliance obligations.",https://cloudsecurityalliance.org/artifacts/ai-controls-matrix
013-021|Roles and responsibilities,SSRM Policy and Procedures,STA-02,"Establish, document, approve, communicate, apply, evaluate and maintain policies and procedures for the application of the Shared Security Responsibility Model (SSRM) within the organization. Review and update the policies and procedures at least annually, or upon significant changes.",https://cloudsecurityalliance.org/artifacts/ai-controls-matrix
013-021|Roles and responsibilities,SSRM Guidance,STA-04,Provide SSRM Guidance to the Customer detailing information about the SSRM applicability throughout the supply chain.,https://cloudsecurityalliance.org/artifacts/ai-controls-matrix
013-021|Roles and responsibilities,SSRM Control Ownership,STA-05,Delineate the shared ownership and applicability of all CSA AICM controls according to the SSRM.,https://cloudsecurityalliance.org/artifacts/ai-controls-matrix
013-021|Roles and responsibilities,SSRM Control Implementation,STA-07,"Implement, operate, and audit or assess the portions of the SSRM which the organization is responsible for.",https://cloudsecurityalliance.org/artifacts/ai-controls-matrix
041-188|Data quality control,Data Differentiation and Relevance,DSP-24,Ensure training-data differentiation and relevance to the intended use of the AI Model.,https://cloudsecurityalliance.org/artifacts/ai-controls-matrix
058-083|Monitoring,Application Security Metrics,AIS-03,"Define and implement technical and operational metrics in alignment with business objectives, security requirements, and compliance obligations.",https://cloudsecurityalliance.org/artifacts/ai-controls-matrix
058-083|Monitoring,Encryption Monitoring and Reporting,LOG-10,"Establish and maintain a monitoring and internal reporting capability over the operations of cryptographic, encryption and key management policies, processes, procedures, and controls.",https://cloudsecurityalliance.org/artifacts/ai-controls-matrix
065-782|Ensure session timeout (soft/hard),Automatic Lock Screen,UEM-06,Configure all relevant interactive-use endpoints to require an automatic lock screen.,https://cloudsecurityalliance.org/artifacts/ai-controls-matrix
068-102|Describe high-level system architecture and perform threat modeling on it every critical change and regularly,Network Architecture Documentation,I&S-08,Identify and document high-risk environments.,https://cloudsecurityalliance.org/artifacts/ai-controls-matrix
068-102|Describe high-level system architecture and perform threat modeling on it every critical change and regularly,Threat Analysis and Modelling,TVM-12,"Define implement and evaluate threat analysis process and procedures to identify, assess and review the threat landscape for Cloud and AI systems. Build threat models according to industry best practices to inform the risk mitigation strategy.",https://cloudsecurityalliance.org/artifacts/ai-controls-matrix
074-873|Data classification and handling,Security and Privacy Policy and Procedures,DSP-01,"Establish, document, approve, communicate, apply, evaluate and maintain policies and procedures for the classification, protection, preparation and handling of data throughout its lifecycle, and according to all applicable laws and regulations,standards, and risk level. Review and update the policies and procedures at least annually.",https://cloudsecurityalliance.org/artifacts/ai-controls-matrix
074-873|Data classification and handling,Data Ownership and Stewardship,DSP-06,Document ownership and stewardship of all relevant documented personal and sensitive data. Perform review at least annually.,https://cloudsecurityalliance.org/artifacts/ai-controls-matrix
088-316|Augmentation data integrity controls,Data Integrity Check,DSP-23,"Regularly validate the consistency and conformity of training, fine-tuning or augmentation data. Implement dataset versioning to ensure traceability and enforce restrictions to prevent unauthorized changes.",https://cloudsecurityalliance.org/artifacts/ai-controls-matrix
088-377|Automated dynamic security testing,Application Security Testing,AIS-05,"Implement a testing strategy, including criteria for acceptance of new information systems, upgrades and new versions, which provides application security assurance and maintains compliance while meeting organizational delivery goals. Automate when applicable and possible.",https://cloudsecurityalliance.org/artifacts/ai-controls-matrix
106-447|Prompt input segregation,Prompt Differentation,AIS-15,"Implement mechanisms enabling the model to clearly distinguish user-provided input instructions from data and system instructions (e.g., system prompts).",https://cloudsecurityalliance.org/artifacts/ai-controls-matrix
112-648|Change management,Change Management Policy and Procedures,CCC-01,"Establish, document, approve, communicate, apply, evaluate and maintain policies and procedures for managing the risks associated with applying changes to assets owned, controlled or used by the organization. Review and update the policies and procedures at least annually, or upon significant changes.",https://cloudsecurityalliance.org/artifacts/ai-controls-matrix
112-648|Change management,Change Management Technology,CCC-03,"Implement a change management procedure to manage the risks associated with applying changes to assets owned, controlled or used by the organization.",https://cloudsecurityalliance.org/artifacts/ai-controls-matrix
112-648|Change management,Change Authorization,CCC-04,"Implement and enforce a procedure to authorize addition, removal, update, and management of assets, owned, controlled or used by the organization.",https://cloudsecurityalliance.org/artifacts/ai-controls-matrix
112-648|Change management,Change Agreements,CCC-05,Include provisions limiting changes directly impacting customer owned environments/tenants to explicitly authorized requests within service level agreements.,https://cloudsecurityalliance.org/artifacts/ai-controls-matrix
112-648|Change management,Change Management Baseline,CCC-06,Establish change management baselines for all relevant authorized changes on organization assets. Review and update the change management baseline at least annually or upon significant changes.,https://cloudsecurityalliance.org/artifacts/ai-controls-matrix
112-648|Change management,Exception Management,CCC-08,"Implement a procedure for the management of exceptions, including emergencies, in the change and configuration process. Align the procedure with the requirements of GRC-04: Policy Exception Process.",https://cloudsecurityalliance.org/artifacts/ai-controls-matrix
118-110|API/web services,API Security,AIS-10,"Define and implement processes, procedures, and technical measures to secure APIs. Review and update for any improvements at least annually or after significant system changes.",https://cloudsecurityalliance.org/artifacts/ai-controls-matrix
118-110|API/web services,Application Interface Availability,IPY-02,Provide application interface(s) to AICs so that they programmatically retrieve their data to enable interoperability and portability.,https://cloudsecurityalliance.org/artifacts/ai-controls-matrix
123-124|Minimize permissions,Least Privilege,IAM-05,Employ the least privilege principle when implementing information system access.,https://cloudsecurityalliance.org/artifacts/ai-controls-matrix
128-128|Strong authorization checking,Authorization Mechanisms,IAM-16,"Define, implement and evaluate processes, procedures and technical measures to verify access to data and system functions is authorized.",https://cloudsecurityalliance.org/artifacts/ai-controls-matrix
"132-146|Apply defense-in-depth techniques/processes for protection, detection, and timely response to network-based attacks.",Network Defense,I&S-09,"Define, implement and evaluate processes, procedures and defense-in-depth techniques for protection, detection, and timely response to network-based attacks.",https://cloudsecurityalliance.org/artifacts/ai-controls-matrix
135-200|Review of security policies,Organizational Policy Reviews,GRC-03,Review all relevant organizational policies and associated procedures at least annually or when a substantial change occurs within the organization.,https://cloudsecurityalliance.org/artifacts/ai-controls-matrix
148-227|Endpoint management,Endpoint Devices Policy and Procedures,UEM-01,"Establish, document, approve, communicate, apply, evaluate and maintain policies and procedures for all endpoints. Review and update the policies and procedures at least annually or upon significant system changes.",https://cloudsecurityalliance.org/artifacts/ai-controls-matrix
148-227|Endpoint management,Compatibility,UEM-03,Define and implement a process for the validation of the endpoint device's compatibility with operating systems and applications.,https://cloudsecurityalliance.org/artifacts/ai-controls-matrix
148-227|Endpoint management,Endpoint Inventory,UEM-04,Maintain an inventory of all endpoints used to store and process company data.,https://cloudsecurityalliance.org/artifacts/ai-controls-matrix
148-227|Endpoint management,Endpoint Management,UEM-05,"Define, implement and evaluate processes, procedures and technical measures to enforce policies and controls for all endpoints permitted to access systems and/or store, transmit, or process organizational data.",https://cloudsecurityalliance.org/artifacts/ai-controls-matrix
148-227|Endpoint management,Third-Party Endpoint Security Posture,UEM-14,"Define, implement and evaluate processes, procedures and technical and/or contractual measures to maintain proper security of third-party endpoints with access to organizational assets.",https://cloudsecurityalliance.org/artifacts/ai-controls-matrix
157-430|Protect and clear cached sensitive data,AI Cache Protection,AIS-14,Implement security measures to protect caches in GenAI systems and services.,https://cloudsecurityalliance.org/artifacts/ai-controls-matrix
157-587|Equipment management,Off-Site Equipment Disposal Policy and Procedures,DCS-01,"Establish, document, approve, communicate, apply, evaluate and maintain policies and procedures for the secure disposal of equipment used outside the organization's premises. If the equipment is not physically destroyed a data destruction procedure that renders recovery of information impossible must be applied. Review and update the policies and procedures at least annually, or upon significant changes.",https://cloudsecurityalliance.org/artifacts/ai-controls-matrix
157-587|Equipment management,Off-Site Transfer Authorization Policy and Procedures,DCS-02,"Establish, document, approve, communicate, apply, evaluate and maintain policies and procedures for the relocation or transfer of hardware, software, or data/information to an offsite or alternate location. The relocation or transfer request requires the written or cryptographically verifiable authorization. Review and update the policies and procedures at least annually, or upon significant changes.",https://cloudsecurityalliance.org/artifacts/ai-controls-matrix
157-587|Equipment management,Equipment Identification,DCS-08,Use equipment identification as a method for connection authentication.,https://cloudsecurityalliance.org/artifacts/ai-controls-matrix
157-587|Equipment management,Equipment Location,DCS-15,Keep business-critical equipment away from locations subject to high probability for environmental risk events.,https://cloudsecurityalliance.org/artifacts/ai-controls-matrix
162-655|Documentation of all components' business or security function,Documentation,BCR-05,"Develop, identify, and acquire documentation, both internally and from external parties, that is relevant to support the business continuity and operational resilience programs. Make the documentation available to authorized stakeholders and review at least annually or upon significant changes.",https://cloudsecurityalliance.org/artifacts/ai-controls-matrix
162-655|Documentation of all components' business or security function,SSRM Documentation Review,STA-06,Review and validate SSRM documentation.,https://cloudsecurityalliance.org/artifacts/ai-controls-matrix
172-101|Personnel security,Background Screening Policy and Procedures,HRS-01,"Establish, document, approve, communicate, apply, evaluate and maintain policies and procedures for background verification of all new employees (including but not limited to remote employees, contractors, and third parties) according to local laws, regulations, ethics, and contractual constraints and proportional to the data classification to be accessed, the business requirements, and acceptable risk. Review and update the policies and procedures at least annually.",https://cloudsecurityalliance.org/artifacts/ai-controls-matrix
172-101|Personnel security,Employment Agreement Process,HRS-07,"Employees sign the employee agreement prior to being granted access to organizational information systems, resources and assets.",https://cloudsecurityalliance.org/artifacts/ai-controls-matrix
172-101|Personnel security,Non-Disclosure Agreements,HRS-10,"Identify, document, and review, at planned intervals, requirements for non-disclosure/confidentiality agreements reflecting the organization's needs for the protection of data and operational details.",https://cloudsecurityalliance.org/artifacts/ai-controls-matrix
180-488|Proper Configuration for all applications and frameworks,OS Hardening and Base Controls,I&S-04,"Harden host and guest OS, hypervisor or infrastructure control plane, according to their respective best practices, and supported by technical controls, as part of a security baseline.",https://cloudsecurityalliance.org/artifacts/ai-controls-matrix
202-604|Human AI oversight,Human supervision,GRC-15,"Establish, execute, and assess processes, procedures, and technical measures to ensure human oversight and control of the AI system in compliance with regulatory requirements and organizational risk management.",https://cloudsecurityalliance.org/artifacts/ai-controls-matrix
204-272|Sensitive AI output handling,Output Validation,AIS-09,"Validate, filter, modify or block, as necessary, output against adversarial patterns, failure patterns and unwanted behaviour according to organisational policies and applicable laws and regulations.",https://cloudsecurityalliance.org/artifacts/ai-controls-matrix
217-168|Audit & accountability,Audit and Assurance Policy and Procedures,A&A-01,"Establish, document, approve, communicate, apply, evaluate and maintain audit and assurance policies and procedures and standards. Review and update the policies and procedures at least annually or upon significant changes.",https://cloudsecurityalliance.org/artifacts/ai-controls-matrix
217-168|Audit & accountability,Independent Assessments,A&A-02,Conduct independent audit and assurance assessments according to relevant standards at least annually.,https://cloudsecurityalliance.org/artifacts/ai-controls-matrix
217-168|Audit & accountability,Audit Management Process,A&A-05,"Define and implement an Audit Management process aligned with global auditing standards, to support audit planning, risk analysis, security control assessment, conclusion, remediation schedules, report generation, and review of past reports and supporting evidence.",https://cloudsecurityalliance.org/artifacts/ai-controls-matrix
220-442|Model action privilege minimization,Agents Security Boundaries,AIS-11,Establish security boundaries for agents.,https://cloudsecurityalliance.org/artifacts/ai-controls-matrix
225-553|Organizational AI security controls,Governance Program Policy and Procedures,GRC-01,"Establish, document, approve, communicate, apply, evaluate and maintain policies and procedures for an information governance program, which is sponsored by the leadership of the organization and related to AI systems as well. Review and update the policies and procedures at least annually.",https://cloudsecurityalliance.org/artifacts/ai-controls-matrix
227-045|Identify sensitive data and subject it to a policy,Sensitive Data Protection,DSP-17,"Define and implement, processes, procedures and technical measures to protect sensitive data throughout its lifecycle.",https://cloudsecurityalliance.org/artifacts/ai-controls-matrix
234-282|Physical & environment protection,Secure Area Policy and Procedures,DCS-03,"Establish, document, approve, communicate, apply, evaluate and maintain policies and procedures for maintaining a safe and secure working environment in offices, rooms, and facilities. Review and update the policies and procedures at least annually, or upon significant changes.",https://cloudsecurityalliance.org/artifacts/ai-controls-matrix
234-282|Physical & environment protection,Controlled Physical Access Points,DCS-07,"Design and implement physical security perimeters to safeguard personnel, data, and information systems.",https://cloudsecurityalliance.org/artifacts/ai-controls-matrix
234-282|Physical & environment protection,Secure Area Authorization,DCS-09,"Allow only authorized personnel access to secure areas, with all ingress and egress points restricted, documented, and monitored by physical access control mechanisms. Retain access control records on a periodic basis as deemed appropriate by the organization.",https://cloudsecurityalliance.org/artifacts/ai-controls-matrix
234-282|Physical & environment protection,Surveillance System,DCS-10,"Implement, maintain, and operate datacenter surveillance systems at the external perimeter and at all the ingress and egress points to detect unauthorized ingress and egress attempts.",https://cloudsecurityalliance.org/artifacts/ai-controls-matrix
234-282|Physical & environment protection,Secure Utilities,DCS-14,"Secure, monitor, maintain, and test utilities services for continual effectiveness at planned intervals.",https://cloudsecurityalliance.org/artifacts/ai-controls-matrix
240-464|Contingency planning,Business Continuity Management Policy and Procedures,BCR-01,"Establish, document, approve, communicate, apply, evaluate and maintain business continuity management and operational resilience policies and procedures. Review and update the policies and procedures at least annually, or when significant changes occur that could impact risk exposure.",https://cloudsecurityalliance.org/artifacts/ai-controls-matrix
240-464|Contingency planning,Business Continuity Strategy,BCR-03,"Establish strategies to reduce the impact of business disruptions, and improve resiliency and recovery from business disruptions.",https://cloudsecurityalliance.org/artifacts/ai-controls-matrix
240-464|Contingency planning,Business Continuity Planning,BCR-04,"Establish, document, approve, communicate, apply, evaluate and maintain a business continuity plan based on the results of the operational resilience strategies and capabilities.",https://cloudsecurityalliance.org/artifacts/ai-controls-matrix
240-464|Contingency planning,Business Continuity Exercises,BCR-06,Follow a structured approach to evaluate the effectiveness of the business continuity and operational resilience plans at planned intervals or upon significant changes.,https://cloudsecurityalliance.org/artifacts/ai-controls-matrix
240-464|Contingency planning,Communication,BCR-07,Establish and maintain communication channels with all relevant stakeholders in the course of business continuity and resilience procedures.,https://cloudsecurityalliance.org/artifacts/ai-controls-matrix
247-250|Access control processes,Identity and Access Management Policy and Procedures,IAM-01,"Establish, document, approve, communicate, implement, apply, evaluate and maintain policies and procedures for identity and access management. Review and update the policies and procedures at least annually, or upon significant changes.",https://cloudsecurityalliance.org/artifacts/ai-controls-matrix
257-117|Perform regular backups of important data and test restoration,Backup,BCR-08,"Periodically perform backups. Ensure the confidentiality, integrity and availability of the backup, and verify restoration from backup for resiliency.",https://cloudsecurityalliance.org/artifacts/ai-controls-matrix
"263-184|Automate secure build and deployment, especially with SDI",Secure Application Deployment,AIS-06,"Establish and implement strategies and capabilities for secure, standardized, and compliant application deployment. Automate where possible.",https://cloudsecurityalliance.org/artifacts/ai-controls-matrix
267-031|Protect the availability of resources by providing more to higher-priority processes,Equipment Redundancy,BCR-11,Supplement business-critical equipment with both locally redundant and geographically dispersed equipment located at a reasonable minimum distance in accordance with applicable industry standards.,https://cloudsecurityalliance.org/artifacts/ai-controls-matrix
273-600|Segregate components of differing trust levels,Production and Non-Production Environments,I&S-05,Separate production and non-production environments.,https://cloudsecurityalliance.org/artifacts/ai-controls-matrix
273-600|Segregate components of differing trust levels,Segmentation and Segregation,I&S-06,"Design, develop, deploy and configure applications and infrastructures such that tenant access is appropriately segmented and segregated, monitored and restricted.",https://cloudsecurityalliance.org/artifacts/ai-controls-matrix
276-748|Runtime model integrity controls,Model Integrity Checks,MDS-08,"Regularly calculate and compare checksums using cryptographic hashes of model checkpoints to detect unauthorized modifications. Apply at least annually based on the level of risk, or after any change of hands.",https://cloudsecurityalliance.org/artifacts/ai-controls-matrix
284-521|Enforce additional authorization and segregation of duties,Separation of Duties,IAM-04,Employ the separation of duties principle when implementing information system access.,https://cloudsecurityalliance.org/artifacts/ai-controls-matrix
284-521|Enforce additional authorization and segregation of duties,User Access Review,IAM-08,"Review and revalidate user access for least privilege and separation of duties with a frequency that is commensurated with organizational risk tolerance and at least annually, or upon significant changes.",https://cloudsecurityalliance.org/artifacts/ai-controls-matrix
284-521|Enforce additional authorization and segregation of duties,Segregation of Privileged Access Roles,IAM-09,"Define, implement and evaluate processes, procedures and technical measures for the segregation of privileged access roles.",https://cloudsecurityalliance.org/artifacts/ai-controls-matrix
287-305|Document explicit key/secret management,Encryption and Key Management Policy and Procedures,CEK-01,"Establish, document, approve, communicate, apply, evaluate and maintain policies and procedures for Cryptography, Encryption and Key Management. Review and update the policies and procedures at least annually or upon significant changes.",https://cloudsecurityalliance.org/artifacts/ai-controls-matrix
287-305|Document explicit key/secret management,Encryption Change Management,CEK-05,"Establish a standard change management procedure, to accommodate changes from internal and external sources, for review, approval, implementation and communication of cryptographic, encryption and key management technology changes.",https://cloudsecurityalliance.org/artifacts/ai-controls-matrix
287-305|Document explicit key/secret management,Encryption Change Cost Benefit Analysis,CEK-06,"Manage and adopt changes to cryptography-, encryption-, and key management-related systems (including policies and procedures) that fully account for downstream effects of proposed changes, including residual risk, cost, and benefits analysis.",https://cloudsecurityalliance.org/artifacts/ai-controls-matrix
287-305|Document explicit key/secret management,Encryption Risk Management,CEK-07,"Establish and maintain an encryption and key management risk program that includes provisions for risk assessment, risk treatment, risk context, monitoring, and feedback.",https://cloudsecurityalliance.org/artifacts/ai-controls-matrix
287-305|Document explicit key/secret management,Encryption and Key Management Audit,CEK-09,"Audit encryption and key management systems, policies, and processes with a frequency that is proportional to the risk exposure of the system with audit occurring preferably continuously but at least annually and after any security event(s).",https://cloudsecurityalliance.org/artifacts/ai-controls-matrix
287-305|Document explicit key/secret management,Key Inventory Management,CEK-21,"Define, implement and evaluate processes, procedures and technical measures in order for the key management system to track and report all cryptographic materials and changes in status, which include provisions for legal and regulatory requirements.",https://cloudsecurityalliance.org/artifacts/ai-controls-matrix
287-823|Asset management,Assets Classification,DCS-05,"Classify and document the physical, and logical assets (e.g., applications) based on the organizational business risk. Review and update the assets’ classification at least annually or upon significant changes.",https://cloudsecurityalliance.org/artifacts/ai-controls-matrix
287-823|Asset management,Assets Cataloguing and Tracking,DCS-06,Catalogue and track all relevant physical and logical assets located at all of the service providers sites within a secured system. Review and update the catalogue at least annually or upon significant changes.,https://cloudsecurityalliance.org/artifacts/ai-controls-matrix
287-823|Asset management,Data Inventory,DSP-03,"Create and maintain a data inventory, at least for any sensitive, regulated and personal data. Review and update the inventory at least annually or upon significant changes.",https://cloudsecurityalliance.org/artifacts/ai-controls-matrix
287-823|Asset management,Asset returns,HRS-05,Establish and document procedures for the return of organization-owned assets by terminated employees.,https://cloudsecurityalliance.org/artifacts/ai-controls-matrix
307-242|Security risk assessment,Risk Based Planning Assessment,A&A-03,Perform independent audit and assurance assessments in response to significant changes or emerging risks and according to risk-based plans and policies.,https://cloudsecurityalliance.org/artifacts/ai-controls-matrix
307-242|Security risk assessment,Risk Assessment and Impact Analysis,BCR-02,Determine the impact of business disruptions and risks to establish criteria for developing business continuity and operational resilience strategies and capabilities. Review and update the risk assessment and impact analysis at least annually or upon significant changes.,https://cloudsecurityalliance.org/artifacts/ai-controls-matrix
307-242|Security risk assessment,Risk Management Program,GRC-02,"Establish and maintain a formal, documented, and leadership-sponsored AI Risk Management (AIRM) program that includes policies and procedures for identification, evaluation, ownership, treatment, and acceptance of risks.",https://cloudsecurityalliance.org/artifacts/ai-controls-matrix
307-242|Security risk assessment,Open Model Risk Assessment,MDS-12,"Establish a process to evaluate risk associated with open models. Periodically review these risk factors, and implement a process to monitor and mitigate any determined vulnerabilities.",https://cloudsecurityalliance.org/artifacts/ai-controls-matrix
307-507|Allow only trusted sources both build time and runtime; therefore perform integrity checks on all resources and code,Model Signing/Ownership Verification,MDS-09,"Sign models cryptographically and verify signatures to ensure model provenance and ownership, any time the model changes hands or is loaded from storage.",https://cloudsecurityalliance.org/artifacts/ai-controls-matrix
333-480|Impact limitation of unwanted model behaviour,Guardrails,TVM-11,"Define and implement processes, procedures and technical measures to apply guardrails to the AI system. Continuously evaluate guardrails for changes in regulatory requirements and risk scenarios.",https://cloudsecurityalliance.org/artifacts/ai-controls-matrix
356-282|Minimize sensitive data scattering and retention,Clean Desk Policy and Procedures,HRS-03,"Establish, document, approve, communicate, apply, evaluate and maintain policies and procedures that require unattended workspaces to not have openly visible confidential data. Review and update the policies and procedures at least annually.",https://cloudsecurityalliance.org/artifacts/ai-controls-matrix
356-282|Minimize sensitive data scattering and retention,Data Loss Prevention,UEM-11,Configure managed endpoints with Data Loss Prevention (DLP) technologies and rules in accordance with a risk assessment.,https://cloudsecurityalliance.org/artifacts/ai-controls-matrix
362-550|Personal data handling,Data Protection Impact Assessment,DSP-09,"Conduct a Data Protection Impact Assessment (DPIA) to evaluate the origin, nature, particularity and severity of the risks upon the processing of personal data, according to any applicable laws, regulations and industry best practices.",https://cloudsecurityalliance.org/artifacts/ai-controls-matrix
362-550|Personal data handling,Personal Data Sub-processing,DSP-13,"Define, implement and evaluate processes, procedures and technical measures for the transfer and sub-processing of personal data within the service supply chain, according to any applicable laws and regulations.",https://cloudsecurityalliance.org/artifacts/ai-controls-matrix
402-706|Log relevant,Log Records,LOG-08,Generate audit records containing relevant security information.,https://cloudsecurityalliance.org/artifacts/ai-controls-matrix
402-706|Log relevant,Transaction/Activity Logging,LOG-11,Log and monitor key lifecycle management events to enable auditing and reporting on usage of cryptographic keys.,https://cloudsecurityalliance.org/artifacts/ai-controls-matrix
408-838|Adversarial training,Robustness against Adversarial Attack / Model Hardening,MDS-07,"Define, implement, and evaluate processes, procedures, and technical measures for Model Hardening to mitigate relevant adversarial attacks as identified in the Threat Analysis and Adversarial Threat Analysis.",https://cloudsecurityalliance.org/artifacts/ai-controls-matrix
423-055|Data supply chain management,Data Provenance and Transparency,DSP-20,"Define, implement and evaluate processes, procedures and technical measures to: 1) Document and trace data sources, and 2) Make the data source available according to legal and regulatory requirements",https://cloudsecurityalliance.org/artifacts/ai-controls-matrix
423-055|Data supply chain management,Supply Chain Data Security Assessment,STA-15,Define and implement a process for conducting security assessments periodically for all organizations within the supply chain.,https://cloudsecurityalliance.org/artifacts/ai-controls-matrix
428-544|Security awareness training,Adverse Event Response Training,DCS-11,"Train datacenter personnel to safely manage adverse events, including but not limited to unauthorized ingress and egress attempts.",https://cloudsecurityalliance.org/artifacts/ai-controls-matrix
428-544|Security awareness training,Security Awareness Training,HRS-11,"Establish, document, approve, communicate, apply, evaluate and maintain a security awareness training program for all employees of the organization and provide regular training updates.",https://cloudsecurityalliance.org/artifacts/ai-controls-matrix
428-544|Security awareness training,Personal and Sensitive Data Awareness and Training,HRS-12,"Provide employees with access to sensitive organizational and personal data with appropriate security awareness training and regular updates in organizational procedures, processes, and policies relating to their professional function relative to the organization.",https://cloudsecurityalliance.org/artifacts/ai-controls-matrix
435-702|Communication encryption,Sensitive Data Transfer,DSP-10,"Define, implement and evaluate processes, procedures and technical measures that ensure any transfer of personal or sensitive data is protected from unauthorized access and only processed within scope as permitted by the respective laws and regulations.",https://cloudsecurityalliance.org/artifacts/ai-controls-matrix
435-702|Communication encryption,Migration to Hosted Environments,I&S-07,"Use secure and encrypted communication channels when migrating servers, services, applications, or data to hosted environments. Such channels must include only up-to-date and approved protocols.",https://cloudsecurityalliance.org/artifacts/ai-controls-matrix
447-083|Privacy-preserving personal data logic,Data Protection by Design and Default,DSP-07,"Develop systems, products, and business practices based upon a principle of security by design and industry best practices.",https://cloudsecurityalliance.org/artifacts/ai-controls-matrix
447-083|Privacy-preserving personal data logic,Data Privacy by Design and Default,DSP-08,"Develop systems, products, and business practices based upon a principle of privacy by design and industry best practices. Ensure that systems' privacy settings are configured by default, according to all applicable laws and regulations.",https://cloudsecurityalliance.org/artifacts/ai-controls-matrix
447-083|Privacy-preserving personal data logic,Disclosure of Data Sub-processors,DSP-14,"Define, implement and evaluate processes, procedures and technical measures to disclose the details of any personal or sensitive data access by sub-processors to the data owner prior to initiation of that processing.",https://cloudsecurityalliance.org/artifacts/ai-controls-matrix
447-083|Privacy-preserving personal data logic,Privacy Enhancing Technologies,DSP-22,"Use Privacy Enhancing Technologies for training data, informed by risk and privacy impact analysis and business use cases.",https://cloudsecurityalliance.org/artifacts/ai-controls-matrix
455-885|Credentials directives,Strong Password Policy and Procedures,IAM-02,"Establish, document, approve, communicate, implement, apply, evaluate and maintain strong password policies and procedures. Review and update the policies and procedures at least annually.",https://cloudsecurityalliance.org/artifacts/ai-controls-matrix
463-577|Incident response,Disaster Response Plan,BCR-09,"Establish, document, approve, communicate, apply, evaluate and maintain a disaster response plan to recover from natural and man-made disasters. Update the plan at least annually or upon significant changes.",https://cloudsecurityalliance.org/artifacts/ai-controls-matrix
463-577|Incident response,Disclosure Notification,DSP-18,The providers should implement and describe to customers the procedure to manage and respond to requests for disclosure of Personal Data by Law Enforcement Authorities according to applicable laws and regulations.,https://cloudsecurityalliance.org/artifacts/ai-controls-matrix
463-577|Incident response,Security Incident Management Policy and Procedures,SEF-01,"Establish, document, approve, communicate, apply, evaluate and maintain policies and procedures for Security Incident Management, E-Discovery, and Forensics. Review and update the policies and procedures at least annually or upon significant changes.",https://cloudsecurityalliance.org/artifacts/ai-controls-matrix
463-577|Incident response,Incident Response Plans,SEF-03,"Establish, document, approve, communicate, apply, evaluate and maintain a security incident response plan, which includes but is not limited to: a communication strategy for notifying relevant internal departments, impacted AICs, and other business critical relationships (such as supply-chain) that may be impacted.",https://cloudsecurityalliance.org/artifacts/ai-controls-matrix
463-577|Incident response,Incident Response Testing,SEF-04,Follow a structured approach to evaluate the effectiveness of incident response plans at planned intervals or upon significant changes.,https://cloudsecurityalliance.org/artifacts/ai-controls-matrix
463-577|Incident response,Incident Response Metrics,SEF-05,"Establish, monitor and report information security incident metrics.",https://cloudsecurityalliance.org/artifacts/ai-controls-matrix
463-577|Incident response,Event Triage Processes,SEF-06,"Define, implement and evaluate processes, procedures and technical measures supporting business processes to triage security-related events.",https://cloudsecurityalliance.org/artifacts/ai-controls-matrix
463-577|Incident response,Security Breach Notification,SEF-07,"Define and implement, processes, procedures and technical measures for security breach notifications. Report material security breaches and assumed security breaches including any relevant supply chain breaches, as per applicable SLAs, laws and regulations.",https://cloudsecurityalliance.org/artifacts/ai-controls-matrix
463-577|Incident response,Points of Contact Maintenance,SEF-08,"Maintain points of contact for applicable regulation authorities, national and local law enforcement, and other legal jurisdictional authorities. Review and update the points of contact at least annually.",https://cloudsecurityalliance.org/artifacts/ai-controls-matrix
463-577|Incident response,Incident Response,SEF-09,"Define incident categories and severity levels for AI systems, and determine response procedures for each, including automated response where applicable.",https://cloudsecurityalliance.org/artifacts/ai-controls-matrix
467-784|Network security,Network Security,I&S-03,"Monitor, encrypt and restrict communications between environments to only authenticated and authorized connections, as justified by the business. Review these configurations at least annually, and support them by a documented justification of all allowed services, protocols, ports, and compensating controls.",https://cloudsecurityalliance.org/artifacts/ai-controls-matrix
486-813|Configuration,Detection of Baseline Deviation,CCC-07,Implement detection measures with proactive notification in case of changes deviating from the established baseline.,https://cloudsecurityalliance.org/artifacts/ai-controls-matrix
504-340|Encrypt sensitive data with algorithms that provide both confidentiality and integrity,Data Encryption,CEK-03,"Provide data protection at-rest, in-transit and, where applicable, in-use by using cryptographic libraries certified to approved standards.",https://cloudsecurityalliance.org/artifacts/ai-controls-matrix
504-340|Encrypt sensitive data with algorithms that provide both confidentiality and integrity,Storage Encryption,UEM-08,Protect information from unauthorized disclosure on managed endpoint devices with storage encryption.,https://cloudsecurityalliance.org/artifacts/ai-controls-matrix
510-324|Compliance,Supply Chain Service Agreement Compliance,STA-13,"Implement policies requiring all service providers throughout the supply chain to comply with information security, confidentiality, access control, privacy, audit, personnel policy and service level requirements and standards.",https://cloudsecurityalliance.org/artifacts/ai-controls-matrix
"515-021|Sandbox, containerize and/or isolate applications at the network level",Infrastructure and Virtualization Security Policy and Procedures,I&S-01,"Establish, document, approve, communicate, apply, evaluate and maintain policies and procedures for infrastructure and virtualization security. Review and update the policies and procedures at least annually, or upon significant changes.",https://cloudsecurityalliance.org/artifacts/ai-controls-matrix
522-616|Media protection,Secure Media Transportation Policy and Procedures,DCS-04,"Establish, document, approve, communicate, apply, evaluate and maintain policies and procedures for the secure transportation of physical media. Review and update the policies and procedures at least annually, or upon significant changes.",https://cloudsecurityalliance.org/artifacts/ai-controls-matrix
524-603|Limit modification of access controls to specifically authorized actors/users,Management of Privileged Access Roles,IAM-10,"Define and implement an access process to ensure privileged access roles and rights are granted for a time limited period, and implement procedures to prevent the accumulation of segregated privileged access.",https://cloudsecurityalliance.org/artifacts/ai-controls-matrix
524-603|Limit modification of access controls to specifically authorized actors/users,Customers' Approval for Agreed Privileged Access Roles,IAM-11,"Define, implement and evaluate processes and procedures for customers to participate, where applicable, in the granting of access for agreed, high risk (as defined by the organizational risk assessment) privileged access roles.",https://cloudsecurityalliance.org/artifacts/ai-controls-matrix
524-603|Limit modification of access controls to specifically authorized actors/users,Output Modification and Special Authorization,IAM-18,"When allowing model output modification of AI generated output, establish a role for this access and allow changes only by authorized identities.",https://cloudsecurityalliance.org/artifacts/ai-controls-matrix
533-635|AI security Education,AI Competency Training,HRS-14,"Establish, document, approve, communicate, apply, evaluate and maintain policies and procedures defining the AI training program for all relevant personnel of the organization based on their roles and provide regular training updates.",https://cloudsecurityalliance.org/artifacts/ai-controls-matrix
540-566|Let application request minimal permissions,Application and Service Approval,UEM-02,"Define, document, apply and evaluate a list of approved services, applications and sources of applications (stores) acceptable for use by endpoints when accessing or storing organization-managed data.",https://cloudsecurityalliance.org/artifacts/ai-controls-matrix
552-588|Detect and prevent unusual activity,Security Monitoring and Alerting,LOG-03,"Identify and monitor security-related events within applications, the underlying infrastructure, supply chain, and consider logging other events based on risk evaluation. Define and implement a system to generate alerts to responsible stakeholders based on such events and corresponding metrics.",https://cloudsecurityalliance.org/artifacts/ai-controls-matrix
552-588|Detect and prevent unusual activity,Failures and Anomalies Reporting,LOG-13,"Define, implement and evaluate processes, procedures and technical measures for the reporting of anomalies and failures of the monitoring system and provide immediate notification to the accountable party.",https://cloudsecurityalliance.org/artifacts/ai-controls-matrix
570-487|Manual penetration testing,Penetration Testing,TVM-06,"Define, implement and evaluate processes, procedures and technical measures for the periodic performance of penetration testing by independent third parties.",https://cloudsecurityalliance.org/artifacts/ai-controls-matrix
613-286|Dependency management,External Library Vulnerabilities,TVM-05,"Define, implement and evaluate processes, procedures and technical measures to identify updates for applications which use third party or open source libraries according to the organization's vulnerability management policy.",https://cloudsecurityalliance.org/artifacts/ai-controls-matrix
615-663|Data poisoning of train/finetune/augmentation data,Data Poisoning Prevention & Detection,DSP-21,"Define, implement and evaluate processes, procedures and technical measures to prevent data poisoning in AI models and continuously detect such.",https://cloudsecurityalliance.org/artifacts/ai-controls-matrix
646-285|AI compliance management,Requirements Compliance,A&A-04,"Verify compliance with all relevant standards, regulations, legal/contractual, and statutory requirements applicable to the audit.",https://cloudsecurityalliance.org/artifacts/ai-controls-matrix
646-285|AI compliance management,Information System Regulatory Mapping,GRC-07,"Identify and document all relevant standards, regulations, legal/contractual, and statutory requirements, which are applicable to your organization. Review at least annually or when a substantial change occurs within the organization.",https://cloudsecurityalliance.org/artifacts/ai-controls-matrix
703-813|Monitor inference,Input Monitoring,LOG-14,Log and monitor all input events (content and metadata) to enable auditing and reporting on the usage of AI models.,https://cloudsecurityalliance.org/artifacts/ai-controls-matrix
703-813|Monitor inference,Output Monitoring,LOG-15,Log and monitor all output events (content and metadata) to enable auditing and reporting on usage of AI models.,https://cloudsecurityalliance.org/artifacts/ai-controls-matrix
703-813|Monitor inference,Model Continuous Monitoring,MDS-10,"Define, implement, and evaluate processes, procedures, and technical measures for continuous monitoring of model performance metrics over time to identify sudden shifts or unexpected changes in predictions that could degrade model performance.",https://cloudsecurityalliance.org/artifacts/ai-controls-matrix
713-684|Log access protection,Audit Logs Protection,LOG-02,"Define, implement and evaluate processes, procedures and technical measures to ensure the security and retention of audit logs.",https://cloudsecurityalliance.org/artifacts/ai-controls-matrix
713-684|Log access protection,Audit Logs Access and Accountability,LOG-04,Restrict access to audit logs and maintain records of access to logs.,https://cloudsecurityalliance.org/artifacts/ai-controls-matrix
715-304|Zeroize sensitive information in memory after use,Secure Disposal,DSP-02,Apply industry accepted methods for the secure disposal of data from storage media such that data is not recoverable by any forensic means.,https://cloudsecurityalliance.org/artifacts/ai-controls-matrix
732-148|Vulnerability management,Application Vulnerability Remediation,AIS-07,"Define and implement a process to remediate application security vulnerabilities, automating remediation when possible.",https://cloudsecurityalliance.org/artifacts/ai-controls-matrix
732-148|Vulnerability management,Threat and Vulnerability Management Policy and Procedures,TVM-01,"Establish, document, approve, communicate, apply, evaluate and maintain policies and procedures to identify, report and prioritize the remediation of vulnerabilities and threats, in order to protect systems against vulnerability exploitation. Review and update the policies and procedures at least annually or upon significant changes.",https://cloudsecurityalliance.org/artifacts/ai-controls-matrix
732-148|Vulnerability management,Vulnerability Identification,TVM-03,"Define, implement and evaluate processes, procedures and technical measures to enable both scheduled and emergency responses to vulnerability identifications, based on the identified risk.",https://cloudsecurityalliance.org/artifacts/ai-controls-matrix
732-148|Vulnerability management,Detection Updates,TVM-04,"Define, implement and evaluate processes, procedures and technical measures to update detection tools, threat signatures, and indicators of compromise on a weekly, or more frequent basis.",https://cloudsecurityalliance.org/artifacts/ai-controls-matrix
732-148|Vulnerability management,Vulnerability Remediation Schedule,TVM-07,"Define, implement and evaluate processes, procedures and technical measures based on identified risks to support scheduled and emergency responses to vulnerability identification.",https://cloudsecurityalliance.org/artifacts/ai-controls-matrix
732-148|Vulnerability management,Vulnerability Prioritization,TVM-08,Use a risk-based model for effective prioritization of vulnerability remediation using an industry recognized framework.,https://cloudsecurityalliance.org/artifacts/ai-controls-matrix
732-148|Vulnerability management,Vulnerability Management Reporting,TVM-09,Define and implement a process for tracking and reporting vulnerability identification and remediation activities that includes stakeholder notification.,https://cloudsecurityalliance.org/artifacts/ai-controls-matrix
732-148|Vulnerability management,Vulnerability Management Metrics,TVM-10,"Establish, monitor and report metrics for vulnerability identification and remediation at defined intervals.",https://cloudsecurityalliance.org/artifacts/ai-controls-matrix
762-616|Secure serialized objects (e.g. integrity checks),Secure Model Format,MDS-13,Adopt secure model formats and processes for AI model serialization where applicable.,https://cloudsecurityalliance.org/artifacts/ai-controls-matrix
765-788|Classify sensitive data in protection levels,Data Classification,DSP-04,Classify data according to its type and sensitivity level.,https://cloudsecurityalliance.org/artifacts/ai-controls-matrix
770-362|Log time synchronization,Clock Synchronization,LOG-06,Use a reliable time source across all relevant information processing systems.,https://cloudsecurityalliance.org/artifacts/ai-controls-matrix
783-255|Store cryptographic keys securely,Customer Key Management Capability,CEK-08,Providers must provide the capability for customers to manage their own data encryption keys.,https://cloudsecurityalliance.org/artifacts/ai-controls-matrix
783-255|Store cryptographic keys securely,Key Archival,CEK-18,"Define, implement and evaluate processes, procedures and technical measures to manage archived keys in a secure repository requiring least privilege access, which include provisions for legal and regulatory requirements.",https://cloudsecurityalliance.org/artifacts/ai-controls-matrix
803-457|Protection against AI-Specfic Threats,Threat Response,TVM-13,"Use a risk-based method for the prioritization and mitigation of threats, leveraging an industry-recognized framework to guide threat decision-making and protection measures.",https://cloudsecurityalliance.org/artifacts/ai-controls-matrix
810-884|AI user transparency,Explainability Evaluation,GRC-14,"Evaluate, document, and communicate the degree of explainability of the AI Services, including possible limitations and exceptions.",https://cloudsecurityalliance.org/artifacts/ai-controls-matrix
820-878|Document all trust boundaries and significant data flows,Data Flow Documentation,DSP-05,"Create data flow documentation to identify what data is processed, stored or transmitted where. Review data flow documentation at defined intervals, at least annually, and after any change.",https://cloudsecurityalliance.org/artifacts/ai-controls-matrix
820-878|Document all trust boundaries and significant data flows,Model Documentation,MDS-03,"Define, implement, enforce, approve, document, communicate, maintain and evaluate processes and procedures for model documentation. Regularly review and update the model documentation.",https://cloudsecurityalliance.org/artifacts/ai-controls-matrix
820-878|Document all trust boundaries and significant data flows,Model Documentation Requirements,MDS-04,Establish and implement baseline requirements for Model documentation.,https://cloudsecurityalliance.org/artifacts/ai-controls-matrix
820-878|Document all trust boundaries and significant data flows,Model Documentation Validation,MDS-05,"Define, implement, and evaluate processes, procedures, and technical measures for the validation of the Model documentation aligned with the current model.",https://cloudsecurityalliance.org/artifacts/ai-controls-matrix
821-832|Ensure keys and passwords are replaceable,Key Rotation,CEK-12,"Rotate cryptographic keys in accordance with the calculated cryptoperiod, which includes provisions for considering the risk of information disclosure and legal and regulatory requirements.",https://cloudsecurityalliance.org/artifacts/ai-controls-matrix
821-832|Ensure keys and passwords are replaceable,Key Revocation,CEK-13,"Define, implement and evaluate processes, procedures and technical measures to revoke and remove cryptographic keys prior to the end of its established cryptoperiod, when a key is compromised, or an entity is no longer part of the organization, which include provisions for legal and regulatory requirements.",https://cloudsecurityalliance.org/artifacts/ai-controls-matrix
821-832|Ensure keys and passwords are replaceable,Key Destruction,CEK-14,"Define, implement, and evaluate processes, procedures, and technical measures to securely destroy cryptographic keys when they are no longer needed, which include provisions for legal and regulatory requirements.",https://cloudsecurityalliance.org/artifacts/ai-controls-matrix
821-832|Ensure keys and passwords are replaceable,Key Deactivation,CEK-17,"Define, implement and evaluate processes, procedures and technical measures to deactivate keys at the time of their expiration date, which include provisions for legal and regulatory requirements.",https://cloudsecurityalliance.org/artifacts/ai-controls-matrix
833-030|Connect with the community,Special Interest Groups,GRC-08,Establish and maintain contact with related special interest groups and other relevant entities in line with business context.,https://cloudsecurityalliance.org/artifacts/ai-controls-matrix
847-247|Interoperability and portability policy and procedures,Interoperability and Portability Policy and Procedures,IPY-01,"Establish, document, approve, communicate, apply, evaluate and maintain policies and procedures for interoperability and portability including requirements for: a. Communications between application interfaces b. Information processing interoperability c. Application development portability d. Information/Data exchange, usage, portability, integrity, and persistence Review and update the policies and procedures at least annually or upon significant changes.",https://cloudsecurityalliance.org/artifacts/ai-controls-matrix
872-574|Virus/malware protection,Malware and Malicious Instructions Protection Policy and Procedures,TVM-02,"Establish, document, approve, communicate, apply, evaluate and maintain policies and procedures to protect against malware and malicious instructions. Review and update the policies and procedures at least annually or upon significant changes.",https://cloudsecurityalliance.org/artifacts/ai-controls-matrix
872-574|Virus/malware protection,Anti-Malware Detection and Prevention,UEM-09,Configure managed endpoints with anti-malware detection and prevention technology and services.,https://cloudsecurityalliance.org/artifacts/ai-controls-matrix
881-234|AI supply chain management,Supply Chain Risk Management Policies and Procedures,STA-01,"Establish, document, approve, communicate, apply, evaluate, and maintain policies and procedures for supply chain risk management. Review and update the policies and procedures at least annually or upon significant changes.",https://cloudsecurityalliance.org/artifacts/ai-controls-matrix
881-234|AI supply chain management,SSRM Supply Chain,STA-03,"Apply, document, implement and manage the SSRM throughout the supply chain.",https://cloudsecurityalliance.org/artifacts/ai-controls-matrix
881-234|AI supply chain management,Supply Chain Inventory,STA-08,Develop and maintain an inventory of all supply chain relationships.,https://cloudsecurityalliance.org/artifacts/ai-controls-matrix
881-234|AI supply chain management,Supply Chain Risk Management,STA-09,Periodically review risk factors associated with supply chain relationships.,https://cloudsecurityalliance.org/artifacts/ai-controls-matrix
881-234|AI supply chain management,Supply Chain Agreement Review,STA-11,"Review supply chain agreements at least annually, or upon significant changes.",https://cloudsecurityalliance.org/artifacts/ai-controls-matrix
881-234|AI supply chain management,Supply Chain Governance Review,STA-14,Periodically review the organization's supply chain partners' IT governance policies and procedures.,https://cloudsecurityalliance.org/artifacts/ai-controls-matrix
886-662|Limit inference resources,Capacity and Resource Planning,I&S-02,"Plan and monitor the availability, quality, and adequate capacity of resources in order to deliver the required system performance as determined by the business.",https://cloudsecurityalliance.org/artifacts/ai-controls-matrix
